Campaign ID,Campaign Name,Emails Sent,Open Rate (%),Click-Through Rate (%),Conversion Rate (%),Unsubscribe Rate (%),Revenue Generated ($)
EM-0001,Customer Appreciation,436375.00,5.83,4.60,1.77,2.84,37643.98
EM-0002,Flash Sale,38111.00,6.01,5.85,2.01,4.08,57634.13
EM-0003,Newsletter,34780.00,23.73,9.27,0.55,0.67,47581.07
EM-0004,Flash Sale,163962.00,49.22,10.82,6.25,3.75,55342.07
EM-0005,Customer Appreciation,259551.00,27.06,5.10,5.78,2.04,51666.46
EM-0006,Customer Appreciation,314531.00,19.61,12.77,6.01,1.61,98169.73
EM-0007,Exclusive Offers,266500.00,27.15,15.78,5.56,4.48,57418.39
EM-0008,Flash Sale,488415.00,33.78,9.59,6.74,4.35,78459.67
EM-0009,New Product Launch,87060.00,18.80,8.37,3.21,4.77,81300.96
EM-0010,Customer Appreciation,303989.00,47.00,9.65,0.66,1.52,55378.06
EM-0011,Newsletter,190560.00,43.92,19.64,9.63,1.22,92095.51
EM-0012,Exclusive Offers,194890.00,12.29,2.12,9.64,2.44,6070.02
EM-0013,Newsletter,208140.00,7.89,7.17,5.86,2.95,7682.24
EM-0014,New Product Launch,33940.00,48.89,5.70,2.90,4.46,77099.27
EM-0015,Customer Appreciation,320121.00,32.35,19.17,3.30,1.77,61885.22
EM-0016,Newsletter,10726.00,25.00,13.64,4.78,2.96,41057.08
EM-0017,Flash Sale,72482.00,24.53,14.42,6.93,2.23,78024.83
EM-0018,Flash Sale,32183.00,23.32,5.44,1.41,2.41,92852.77
EM-0019,Flash Sale,386981.00,29.00,8.43,6.54,2.83,54788.94
EM-0020,Holiday Discounts,4682.00,17.56,5.43,2.73,3.38,21469.34
EM-0021,Exclusive Offers,40518.00,36.05,13.04,7.02,4.58,7323.90
EM-0022,Exclusive Offers,206739.00,30.41,8.03,1.60,0.82,73501.82
EM-0023,New Product Launch,129403.00,31.60,19.01,6.39,4.38,71686.22
EM-0024,Holiday Discounts,12062.00,48.81,12.44,4.27,4.57,99555.03
EM-0025,Exclusive Offers,160431.00,43.95,8.04,1.36,4.90,33369.83
EM-0026,Newsletter,421909.00,7.44,8.43,5.07,4.94,14970.21
EM-0027,Exclusive Offers,7527.00,30.53,3.86,4.83,1.51,27543.42
EM-0028,Exclusive Offers,129533.00,46.23,10.05,3.43,3.82,4496.23
EM-0029,Exclusive Offers,297578.00,17.66,16.68,2.87,0.48,50991.35
EM-0030,Holiday Discounts,267040.00,24.31,11.36,4.48,0.45,29192.05
EM-0031,Holiday Discounts,328832.00,37.28,16.06,4.12,4.42,15388.50
EM-0032,Holiday Discounts,400602.00,40.86,12.36,3.41,4.45,14635.06
EM-0033,Newsletter,44289.00,37.21,10.69,6.26,1.45,62749.30
EM-0034,Exclusive Offers,369768.00,45.16,9.67,3.23,4.95,63259.55
EM-0035,Flash Sale,489353.00,38.63,11.86,1.79,3.80,78858.04
EM-0036,Exclusive Offers,353971.00,23.64,12.84,3.81,2.14,48477.74
EM-0037,Customer Appreciation,313439.00,41.42,17.07,6.85,0.57,62544.44
EM-0038,Exclusive Offers,155805.00,11.08,9.65,3.03,0.53,39163.67
EM-0039,Newsletter,388772.00,21.59,16.55,6.95,0.63,90073.75
EM-0040,Flash Sale,416898.00,15.95,13.65,1.17,1.22,98786.88
EM-0041,Newsletter,235165.00,41.12,7.87,3.43,4.73,2130.54
EM-0042,Holiday Discounts,495741.00,23.09,11.10,2.39,4.37,53016.85
EM-0043,Customer Appreciation,499231.00,44.96,12.16,4.97,1.90,98358.06
EM-0044,Customer Appreciation,452748.00,27.57,13.39,6.62,3.81,28815.07
EM-0045,Newsletter,74697.00,10.34,18.11,9.78,1.08,26051.77
EM-0046,Flash Sale,173672.00,7.29,13.83,4.20,3.37,47372.62
EM-0047,Newsletter,51208.00,27.85,18.98,7.90,1.85,21634.89
EM-0048,Newsletter,496175.00,25.91,17.57,5.11,1.16,42784.63
EM-0049,Flash Sale,467788.00,29.87,14.23,9.08,1.07,67416.97
EM-0050,Customer Appreciation,281291.00,28.38,14.51,3.38,3.23,48736.85
EM-0051,Flash Sale,193751.00,26.31,17.68,9.36,2.31,13154.76
EM-0052,New Product Launch,364139.00,14.96,4.15,5.87,4.60,92249.48
EM-0053,Exclusive Offers,469841.00,22.01,13.68,9.83,4.88,35207.52
EM-0054,Flash Sale,348188.00,26.39,7.37,4.97,3.46,99053.81
EM-0055,Customer Appreciation,100558.00,6.19,9.20,0.90,2.45,62510.65
EM-0056,Flash Sale,228018.00,19.63,19.49,7.78,4.93,5810.77
EM-0057,Flash Sale,442455.00,39.23,14.45,9.58,2.90,22287.89
EM-0058,Holiday Discounts,180830.00,19.57,9.21,2.54,4.89,24399.38
EM-0059,Flash Sale,414518.00,49.70,2.42,3.61,4.99,81503.96
EM-0060,Exclusive Offers,426283.00,20.88,11.73,2.40,1.92,92152.24
EM-0061,Flash Sale,472879.00,45.54,13.68,0.61,4.20,90695.45
EM-0062,Flash Sale,448417.00,43.95,6.00,1.25,1.63,81585.28
EM-0063,Newsletter,174890.00,43.70,6.38,2.09,2.31,79501.97
EM-0064,Exclusive Offers,303122.00,20.61,18.10,9.65,1.19,69908.16
EM-0065,Holiday Discounts,134659.00,19.67,8.47,3.44,2.64,64960.61
EM-0066,New Product Launch,134080.00,43.32,16.62,9.73,4.75,69489.91
EM-0067,Holiday Discounts,350870.00,47.78,1.73,1.84,3.46,32743.99
EM-0068,Newsletter,332584.00,24.88,4.05,9.00,0.99,50670.86
EM-0069,Flash Sale,99267.00,44.77,3.66,3.26,4.11,22616.96
EM-0070,Newsletter,194417.00,23.97,16.67,2.28,3.50,82515.18
EM-0071,Newsletter,405479.00,8.23,4.07,5.36,1.00,71951.22
EM-0072,Flash Sale,406540.00,29.81,18.97,7.77,4.42,7126.15
EM-0073,Flash Sale,82559.00,15.16,4.80,8.98,3.79,86469.28
EM-0074,Exclusive Offers,492439.00,10.81,3.56,7.97,3.64,52063.17
EM-0075,Flash Sale,113560.00,17.34,6.51,1.16,4.09,59969.83
EM-0076,Holiday Discounts,454035.00,35.85,9.19,6.69,1.73,52610.30
EM-0077,Holiday Discounts,282088.00,8.45,13.19,6.42,3.63,37054.97
EM-0078,Newsletter,148858.00,36.72,19.58,8.27,1.73,73624.43
EM-0079,New Product Launch,475774.00,41.83,12.32,7.11,2.92,37944.71
EM-0080,Flash Sale,398413.00,42.17,2.98,9.14,0.59,3216.69
EM-0081,Customer Appreciation,328562.00,33.80,5.09,3.28,4.29,11259.63
EM-0082,Exclusive Offers,260109.00,28.81,6.65,6.41,4.03,32712.47
EM-0083,New Product Launch,412590.00,30.96,13.86,5.76,2.77,62074.52
EM-0084,Customer Appreciation,426310.00,37.53,5.70,7.91,2.73,56237.78
EM-0085,Newsletter,13220.00,28.25,15.65,6.41,2.28,72855.85
EM-0086,Holiday Discounts,149589.00,24.67,4.07,0.54,3.80,82876.23
EM-0087,Flash Sale,400138.00,5.60,19.48,8.89,2.26,83360.44
EM-0088,Holiday Discounts,386930.00,28.84,12.43,8.91,0.11,7899.25
EM-0089,Flash Sale,105197.00,40.96,8.19,7.54,2.08,58776.63
EM-0090,Flash Sale,45051.00,42.07,16.36,6.91,0.50,812.31
EM-0091,New Product Launch,142060.00,47.73,16.85,9.19,3.40,42310.11
EM-0092,Exclusive Offers,99754.00,5.00,10.59,9.34,0.33,94816.57
EM-0093,Holiday Discounts,466730.00,15.85,5.11,5.46,3.04,86483.74
EM-0094,Customer Appreciation,19939.00,17.68,14.54,6.62,2.91,5826.86
EM-0095,Flash Sale,178603.00,14.12,8.66,2.57,3.38,86393.13
EM-0096,Holiday Discounts,381365.00,10.62,6.68,4.27,2.53,53475.74
EM-0097,New Product Launch,215123.00,18.11,4.35,9.62,4.91,55544.98
EM-0098,Newsletter,110570.00,48.00,2.70,4.32,4.76,84901.43
EM-0099,Holiday Discounts,459312.00,39.17,10.20,6.18,4.72,77549.61
EM-0100,Exclusive Offers,105030.00,17.19,19.91,7.35,2.99,27922.82
EM-0101,Exclusive Offers,379552.00,40.81,16.09,4.79,4.26,4852.82
EM-0102,Exclusive Offers,145862.00,22.86,9.63,6.60,4.53,94732.05
EM-0103,Newsletter,4564.00,27.97,3.99,4.26,1.39,42334.99
EM-0104,Holiday Discounts,424907.00,6.92,9.28,8.82,3.00,51040.98
EM-0105,Customer Appreciation,423657.00,37.83,3.06,4.92,0.66,23759.31
EM-0106,Customer Appreciation,138240.00,49.65,7.52,4.94,2.40,12277.03
EM-0107,Flash Sale,215783.00,31.86,7.08,8.44,2.25,85625.12
EM-0108,New Product Launch,71908.00,29.94,10.89,3.72,4.65,34383.61
EM-0109,Exclusive Offers,204658.00,14.77,19.11,7.22,0.21,8474.24
EM-0110,Exclusive Offers,378857.00,16.80,18.20,8.58,1.07,30583.70
EM-0111,Holiday Discounts,263325.00,46.37,12.95,1.56,0.19,57427.42
EM-0112,Holiday Discounts,277831.00,7.73,1.75,9.96,1.37,86916.00
EM-0113,Flash Sale,291446.00,27.67,17.02,9.95,1.11,93065.66
EM-0114,Exclusive Offers,218520.00,28.55,12.55,2.86,1.76,61578.70
EM-0115,Flash Sale,367754.00,25.85,13.16,2.41,2.53,41690.87
EM-0116,Flash Sale,341310.00,14.96,17.48,1.47,4.51,63528.81
EM-0117,Flash Sale,341097.00,8.37,19.66,2.82,1.69,69465.82
EM-0118,Flash Sale,47297.00,5.47,6.62,9.93,1.56,49559.58
EM-0119,New Product Launch,376811.00,32.47,15.73,0.54,0.72,68769.26
EM-0120,Holiday Discounts,283700.00,7.48,9.07,3.76,1.82,67923.95
EM-0121,Flash Sale,224924.00,29.15,15.44,8.00,4.83,27092.09
EM-0122,Newsletter,347592.00,32.32,18.74,5.96,1.64,63810.16
EM-0123,New Product Launch,382207.00,30.65,5.03,3.31,0.82,50557.20
EM-0124,Newsletter,223958.00,36.39,12.19,5.22,4.70,77598.54
EM-0125,New Product Launch,39303.00,45.87,10.31,9.71,1.15,59087.40
EM-0126,Flash Sale,343588.00,15.99,2.25,1.50,4.65,61284.54
EM-0127,Exclusive Offers,35403.00,18.89,9.36,6.62,0.64,53308.41
EM-0128,New Product Launch,29191.00,34.75,18.44,3.96,4.83,24423.67
EM-0129,Flash Sale,379859.00,18.17,17.10,4.82,0.11,61318.80
EM-0130,Customer Appreciation,138601.00,8.57,3.51,4.54,3.73,60008.80
EM-0131,Exclusive Offers,180956.00,16.65,17.01,6.73,2.48,35555.51
EM-0132,Customer Appreciation,418356.00,12.65,18.78,4.67,3.45,5716.76
EM-0133,Exclusive Offers,94768.00,41.64,14.46,5.08,1.24,7688.97
EM-0134,Customer Appreciation,473622.00,32.82,2.23,2.59,4.15,31500.07
EM-0135,Flash Sale,227185.00,14.47,15.89,9.25,2.88,19947.75
EM-0136,Holiday Discounts,422357.00,49.71,1.87,4.89,0.91,61656.53
EM-0137,Flash Sale,386214.00,13.47,3.45,9.20,0.46,15892.41
EM-0138,Holiday Discounts,233673.00,44.70,4.03,9.70,3.29,15749.46
EM-0139,Exclusive Offers,180730.00,9.89,7.40,0.55,3.33,84736.93
EM-0140,Customer Appreciation,256304.00,30.74,5.68,9.87,2.69,45551.16
EM-0141,Exclusive Offers,8895.00,25.88,1.08,8.07,2.83,52105.06
EM-0142,Customer Appreciation,111737.00,39.13,9.12,8.96,0.18,70418.63
EM-0143,Flash Sale,276367.00,16.99,7.85,1.58,3.60,15396.96
EM-0144,New Product Launch,465001.00,24.62,13.74,6.57,3.60,72829.71
EM-0145,Newsletter,202584.00,16.81,6.00,1.55,1.81,7834.09
EM-0146,New Product Launch,339271.00,35.09,12.63,8.44,4.52,69051.64
EM-0147,Holiday Discounts,371168.00,27.25,1.94,5.33,1.08,55867.51
EM-0148,Holiday Discounts,356291.00,41.84,9.86,2.47,2.95,33658.90
EM-0149,Holiday Discounts,114038.00,18.61,14.28,4.21,0.75,9198.96
EM-0150,Customer Appreciation,224135.00,26.41,3.16,0.53,1.90,11207.21
EM-0151,Customer Appreciation,183777.00,9.10,2.33,2.82,0.53,62907.38
EM-0152,Holiday Discounts,128433.00,45.32,17.93,4.40,2.83,74058.01
EM-0153,Exclusive Offers,140757.00,41.74,15.82,1.01,0.47,55675.97
EM-0154,Newsletter,31941.00,15.90,2.82,8.79,3.75,22815.10
EM-0155,Customer Appreciation,148056.00,33.92,13.96,1.57,0.39,91986.21
EM-0156,Exclusive Offers,442115.00,22.01,18.49,5.86,4.55,26450.13
EM-0157,New Product Launch,355798.00,35.92,18.40,4.20,2.85,87138.48
EM-0158,Exclusive Offers,483013.00,11.04,6.18,1.89,1.52,92485.69
EM-0159,Newsletter,108471.00,19.36,16.53,8.01,2.32,68207.08
EM-0160,Flash Sale,212228.00,47.68,12.08,6.63,0.39,52436.59
EM-0161,New Product Launch,87368.00,15.51,2.59,1.40,3.03,19846.38
EM-0162,Newsletter,172992.00,21.86,9.22,6.45,0.74,25942.00
EM-0163,Exclusive Offers,200832.00,34.73,7.68,7.51,1.42,21454.77
EM-0164,New Product Launch,17777.00,25.95,13.14,4.92,3.43,48623.30
EM-0165,New Product Launch,82571.00,11.42,10.42,5.12,4.26,75709.84
EM-0166,Newsletter,393298.00,8.94,7.17,1.06,1.94,97442.17
EM-0167,Exclusive Offers,64125.00,5.70,3.41,3.14,0.34,63468.22
EM-0168,Holiday Discounts,180967.00,43.05,15.69,4.16,1.42,61533.91
EM-0169,Flash Sale,334383.00,42.92,3.34,2.82,0.60,54696.09
EM-0170,Customer Appreciation,455899.00,45.34,2.49,2.36,4.59,71163.19
EM-0171,Customer Appreciation,194002.00,5.06,18.83,4.83,0.45,76756.04
EM-0172,New Product Launch,406758.00,39.08,11.02,1.63,0.17,48380.14
EM-0173,New Product Launch,269525.00,29.39,13.50,0.75,0.88,72537.73
EM-0174,Exclusive Offers,236936.00,47.10,19.69,0.55,2.02,64530.47
EM-0175,Holiday Discounts,302605.00,36.95,8.30,8.46,1.91,46648.27
EM-0176,Flash Sale,214048.00,14.54,6.20,7.37,1.07,59527.83
EM-0177,Flash Sale,156583.00,15.36,1.13,6.92,0.87,54153.13
EM-0178,Flash Sale,480214.00,39.02,3.11,2.73,0.30,22076.00
EM-0179,Flash Sale,140804.00,23.20,2.76,1.99,3.56,81046.17
EM-0180,Flash Sale,41996.00,39.11,18.20,9.37,0.10,81888.68
EM-0181,Holiday Discounts,191954.00,11.47,2.67,9.21,1.43,75397.91
EM-0182,Flash Sale,240807.00,24.52,17.80,5.50,3.01,15130.32
EM-0183,Newsletter,363478.00,27.74,15.82,4.65,4.24,2721.69
EM-0184,Holiday Discounts,114084.00,19.49,2.80,4.71,2.96,77045.81
EM-0185,Customer Appreciation,374109.00,26.21,1.26,9.55,3.88,98477.29
EM-0186,Holiday Discounts,110343.00,34.51,2.30,9.26,3.08,57913.49
EM-0187,Flash Sale,58203.00,36.42,9.28,1.54,3.09,27492.37
EM-0188,New Product Launch,146868.00,12.06,7.19,9.94,4.13,88778.77
EM-0189,Newsletter,51966.00,43.47,18.52,6.22,2.71,85936.82
EM-0190,Customer Appreciation,7584.00,24.62,3.51,8.51,1.55,21964.59
EM-0191,Newsletter,66474.00,32.42,4.09,9.73,0.38,68337.43
EM-0192,New Product Launch,41060.00,22.47,5.72,5.65,0.33,19456.55
EM-0193,New Product Launch,487996.00,17.86,19.99,2.01,1.24,8061.92
EM-0194,Exclusive Offers,41173.00,19.33,14.54,6.31,0.21,65086.00
EM-0195,New Product Launch,169956.00,23.85,9.85,7.80,3.59,5547.69
EM-0196,Exclusive Offers,233722.00,14.55,9.74,2.00,0.12,12815.99
EM-0197,Flash Sale,31229.00,24.05,2.64,1.89,2.34,36918.31
EM-0198,Exclusive Offers,72251.00,22.56,5.41,0.99,4.68,41624.82
EM-0199,New Product Launch,421817.00,32.15,10.22,0.77,4.45,60537.17
EM-0200,Holiday Discounts,161895.00,14.31,15.30,1.97,3.61,45888.06
EM-0201,Newsletter,285771.00,43.63,5.02,8.26,3.37,26677.37
EM-0202,Flash Sale,356386.00,26.46,12.53,8.36,1.39,80467.54
EM-0203,New Product Launch,93661.00,34.93,11.49,5.92,4.94,71424.98
EM-0204,Flash Sale,447046.00,9.84,17.65,7.31,3.45,63934.33
EM-0205,Customer Appreciation,457005.00,9.73,16.97,7.04,4.95,56761.17
EM-0206,Exclusive Offers,260519.00,31.13,5.20,4.42,1.78,16440.78
EM-0207,Customer Appreciation,188096.00,42.99,13.78,7.35,3.78,43224.30
EM-0208,Holiday Discounts,476387.00,10.12,13.65,0.76,1.96,29551.38
EM-0209,Newsletter,175337.00,6.67,14.96,3.82,4.93,894.35
EM-0210,Holiday Discounts,280236.00,41.59,6.61,6.78,4.12,83250.01
EM-0211,New Product Launch,201125.00,23.49,6.97,3.50,0.65,15607.02
EM-0212,Holiday Discounts,266969.00,36.72,17.33,9.00,4.59,23470.68
EM-0213,Exclusive Offers,439664.00,12.20,2.84,9.87,4.43,81145.99
EM-0214,Newsletter,280545.00,11.18,2.49,2.94,3.48,26089.36
EM-0215,Holiday Discounts,197655.00,8.86,2.95,1.01,3.16,85955.69
EM-0216,Customer Appreciation,323385.00,22.42,19.10,9.24,2.42,82384.06
EM-0217,Exclusive Offers,443619.00,27.49,10.70,6.27,0.77,531.05
EM-0218,New Product Launch,73556.00,22.66,15.20,7.99,4.68,70075.49
EM-0219,Flash Sale,82258.00,45.04,7.70,5.67,2.02,73074.93
EM-0220,Holiday Discounts,220848.00,26.75,18.13,0.89,2.90,23117.81
EM-0221,Exclusive Offers,441935.00,28.97,16.44,1.76,2.54,28096.30
EM-0222,Customer Appreciation,248875.00,9.34,19.17,9.86,1.56,92322.96
EM-0223,Customer Appreciation,178525.00,14.94,6.46,7.12,4.96,34469.27
EM-0224,Customer Appreciation,318988.00,46.28,1.22,7.09,2.34,57593.78
EM-0225,New Product Launch,323904.00,32.65,16.49,6.12,4.52,43415.38
EM-0226,Customer Appreciation,439443.00,22.23,9.99,7.41,1.48,50008.82
EM-0227,Customer Appreciation,442844.00,25.95,13.97,9.08,0.36,9190.63
EM-0228,New Product Launch,104386.00,22.64,9.35,5.54,0.64,10627.54
EM-0229,Exclusive Offers,317685.00,14.93,8.90,7.08,2.83,29402.79
EM-0230,New Product Launch,479420.00,9.57,4.57,8.00,0.56,26768.13
EM-0231,Holiday Discounts,299360.00,10.05,3.02,1.73,2.46,95924.70
EM-0232,New Product Launch,280741.00,27.71,19.04,0.81,1.30,40128.46
EM-0233,Newsletter,46413.00,9.41,2.39,6.96,3.33,96098.06
EM-0234,Customer Appreciation,31912.00,23.87,13.44,0.60,3.32,43449.04
EM-0235,Holiday Discounts,94593.00,9.42,5.64,6.41,3.28,50640.31
EM-0236,Newsletter,188795.00,49.59,17.16,9.53,2.53,6538.92
EM-0237,New Product Launch,433888.00,22.37,4.78,1.59,3.16,17255.62
EM-0238,Exclusive Offers,113457.00,38.71,16.51,9.11,0.63,21704.29
EM-0239,New Product Launch,77676.00,19.24,3.37,1.75,3.45,16419.43
EM-0240,Newsletter,118023.00,30.97,18.98,6.54,3.73,8275.61
EM-0241,Newsletter,49035.00,39.77,14.81,6.77,3.85,89191.22
EM-0242,Flash Sale,234681.00,49.95,4.80,3.22,1.77,10274.45
EM-0243,Holiday Discounts,145076.00,5.29,12.37,2.02,1.25,92371.72
EM-0244,Customer Appreciation,61468.00,9.35,14.89,4.11,0.63,35128.97
EM-0245,Holiday Discounts,122646.00,6.05,3.48,4.53,3.72,11585.62
EM-0246,Flash Sale,35590.00,9.86,14.19,2.75,2.57,26796.04
EM-0247,Flash Sale,337548.00,9.78,6.63,6.13,2.49,97545.90
EM-0248,Customer Appreciation,304009.00,40.00,18.70,1.88,0.86,28854.98
EM-0249,Customer Appreciation,39162.00,30.62,9.96,3.75,0.95,76480.75
EM-0250,Flash Sale,298300.00,38.88,17.60,9.30,1.22,96530.31
EM-0251,Flash Sale,459650.00,36.85,19.46,9.18,0.23,9272.39
EM-0252,Customer Appreciation,3000.00,10.92,2.74,7.34,4.71,87657.57
EM-0253,Holiday Discounts,318316.00,5.61,11.52,7.53,4.85,81256.77
EM-0254,New Product Launch,255676.00,25.70,17.16,1.11,4.18,93228.56
EM-0255,New Product Launch,145271.00,36.60,13.55,3.21,4.52,72129.06
EM-0256,Newsletter,365992.00,15.50,16.28,5.51,3.92,68938.27
EM-0257,New Product Launch,101783.00,33.57,10.94,5.22,1.97,42048.74
EM-0258,Flash Sale,61560.00,20.92,7.31,9.61,4.49,74019.02
EM-0259,Exclusive Offers,43436.00,45.97,19.73,3.71,4.17,20126.63
EM-0260,Exclusive Offers,407332.00,43.25,8.41,3.85,0.51,67213.22
EM-0261,Newsletter,194840.00,31.45,11.86,6.01,3.57,60490.64
EM-0262,Holiday Discounts,212008.00,11.06,19.26,9.68,3.52,30688.37
EM-0263,Customer Appreciation,454920.00,7.22,1.67,2.67,1.89,7160.31
EM-0264,Newsletter,196676.00,21.40,11.81,0.64,4.84,40232.19
EM-0265,New Product Launch,72321.00,44.59,12.20,4.57,4.32,3537.60
EM-0266,Flash Sale,109025.00,16.88,11.75,2.70,0.12,9269.40
EM-0267,Holiday Discounts,116034.00,7.25,17.33,0.92,3.10,75379.62
EM-0268,Customer Appreciation,291675.00,44.54,17.32,8.95,2.52,55410.23
EM-0269,Holiday Discounts,23572.00,16.71,13.22,3.63,3.67,75489.49
EM-0270,Exclusive Offers,190377.00,27.30,19.74,4.46,2.12,74179.44
EM-0271,Customer Appreciation,267077.00,38.07,11.60,7.11,2.74,11431.97
EM-0272,Holiday Discounts,408722.00,42.87,7.86,5.77,3.64,79621.34
EM-0273,Exclusive Offers,320980.00,7.11,10.89,1.23,1.98,61644.16
EM-0274,New Product Launch,206602.00,12.01,8.11,6.17,4.56,74208.97
EM-0275,New Product Launch,213315.00,46.10,19.63,4.17,3.28,54779.60
EM-0276,Holiday Discounts,30091.00,7.51,10.98,4.31,2.61,47566.02
EM-0277,Flash Sale,111285.00,17.59,12.02,3.83,0.57,23557.27
EM-0278,Holiday Discounts,136060.00,46.55,6.31,3.17,3.06,84064.47
EM-0279,New Product Launch,6788.00,32.52,9.02,0.63,1.24,28855.88
EM-0280,New Product Launch,479026.00,38.11,19.47,3.29,2.70,1984.81
EM-0281,Customer Appreciation,333801.00,49.03,3.42,1.02,3.53,80821.23
EM-0282,Holiday Discounts,437257.00,34.72,13.34,7.67,0.25,46126.22
EM-0283,Newsletter,381257.00,38.94,8.63,2.19,4.34,29459.27
EM-0284,New Product Launch,163156.00,18.78,4.29,4.24,4.49,74303.68
EM-0285,Customer Appreciation,54568.00,49.19,9.21,4.61,0.33,51392.86
EM-0286,New Product Launch,159633.00,16.84,11.83,2.90,2.14,35517.21
EM-0287,Exclusive Offers,229395.00,14.08,13.88,5.68,2.55,97125.07
EM-0288,Holiday Discounts,479366.00,37.01,7.97,1.94,3.41,24126.65
EM-0289,New Product Launch,355941.00,44.28,10.69,1.78,3.62,32246.09
EM-0290,Holiday Discounts,92782.00,43.92,16.13,7.30,4.26,25400.77
EM-0291,Customer Appreciation,495187.00,32.42,10.93,1.71,1.05,93809.82
EM-0292,New Product Launch,192395.00,42.00,9.80,7.83,2.46,59693.48
EM-0293,Customer Appreciation,12059.00,49.41,19.64,9.08,0.53,93351.79
EM-0294,Flash Sale,387545.00,17.85,5.20,4.09,2.38,69462.86
EM-0295,Customer Appreciation,484727.00,9.27,11.59,8.98,3.19,65122.56
EM-0296,Exclusive Offers,36249.00,13.31,4.14,1.41,1.48,87067.26
EM-0297,Flash Sale,101435.00,14.50,12.89,7.69,2.77,70039.62
EM-0298,Exclusive Offers,204990.00,43.41,2.52,6.76,2.90,55380.89
EM-0299,Exclusive Offers,10846.00,21.75,2.43,5.83,2.60,82070.85
EM-0300,Customer Appreciation,227477.00,37.50,9.34,1.24,3.65,63544.72
EM-0301,Flash Sale,264543.00,45.45,2.59,8.69,4.97,44234.47
EM-0302,Newsletter,476216.00,45.55,6.99,5.11,2.86,61753.67
EM-0303,Newsletter,132764.00,30.15,12.49,4.63,4.11,70697.41
EM-0304,Exclusive Offers,485216.00,5.72,3.57,8.81,2.85,95953.88
EM-0305,Holiday Discounts,27453.00,30.76,6.76,2.74,3.20,59886.62
EM-0306,Newsletter,380187.00,39.87,12.06,7.27,4.51,63974.58
EM-0307,Customer Appreciation,298945.00,15.26,12.96,9.57,0.99,44584.68
EM-0308,Exclusive Offers,270848.00,7.73,6.02,5.87,1.16,43115.58
EM-0309,Customer Appreciation,34525.00,44.30,15.68,3.67,4.63,9557.11
EM-0310,Newsletter,304435.00,7.91,5.71,5.40,3.10,74255.99
EM-0311,New Product Launch,246573.00,14.00,10.28,3.37,2.69,99909.80
EM-0312,Newsletter,372604.00,16.21,18.86,5.63,0.80,95050.47
EM-0313,Exclusive Offers,453971.00,21.60,15.28,8.48,1.17,66298.96
EM-0314,Holiday Discounts,247891.00,29.58,12.90,5.02,2.94,23454.35
EM-0315,Newsletter,49035.00,33.30,12.99,6.92,4.49,4507.16
EM-0316,Newsletter,411566.00,25.07,11.30,8.52,3.97,65663.14
EM-0317,Customer Appreciation,3374.00,13.95,6.14,9.30,3.28,29163.72
EM-0318,Exclusive Offers,221203.00,12.96,15.17,4.26,0.73,39249.12
EM-0319,Holiday Discounts,24960.00,49.37,5.42,4.27,2.44,68551.56
EM-0320,Newsletter,117467.00,18.76,9.09,0.91,2.28,91222.77
EM-0321,Flash Sale,127611.00,16.38,13.94,5.57,3.11,17649.08
EM-0322,Flash Sale,125415.00,10.21,1.89,0.60,0.82,72530.32
EM-0323,Holiday Discounts,439835.00,48.21,19.06,3.98,0.36,48098.39
EM-0324,Exclusive Offers,95512.00,47.55,17.54,5.59,0.94,40053.89
EM-0325,Newsletter,252625.00,18.67,10.89,8.30,2.80,37084.22
EM-0326,Newsletter,34546.00,33.44,2.45,3.18,0.32,7581.43
EM-0327,Exclusive Offers,282483.00,42.26,17.15,5.68,1.83,54045.44
EM-0328,Customer Appreciation,362663.00,38.82,15.86,9.11,1.30,33546.83
EM-0329,Newsletter,160796.00,19.10,18.54,2.17,4.04,95826.96
EM-0330,Customer Appreciation,369567.00,45.87,3.28,4.58,3.16,76718.71
EM-0331,New Product Launch,44410.00,43.21,18.13,4.88,0.43,3683.55
EM-0332,Flash Sale,217460.00,25.40,8.50,2.98,4.18,87556.79
EM-0333,Newsletter,237982.00,8.80,5.90,5.90,1.50,18570.03
EM-0334,Flash Sale,391565.00,12.91,11.72,6.61,1.92,18017.63
EM-0335,Holiday Discounts,75814.00,13.01,12.71,2.37,2.29,88252.28
EM-0336,Holiday Discounts,331220.00,25.02,7.26,2.14,2.05,18297.75
EM-0337,Customer Appreciation,255991.00,36.18,16.48,8.71,1.78,63655.48
EM-0338,Holiday Discounts,309582.00,34.10,11.16,9.81,4.24,73811.42
EM-0339,Exclusive Offers,350579.00,43.21,12.51,0.73,4.02,34346.13
EM-0340,Holiday Discounts,318544.00,5.57,18.99,7.06,4.87,59413.71
EM-0341,New Product Launch,127805.00,12.74,4.31,4.81,4.56,59431.19
EM-0342,Newsletter,144559.00,42.45,4.75,2.34,0.17,73137.73
EM-0343,Exclusive Offers,126141.00,47.33,13.19,6.13,1.88,56791.04
EM-0344,Holiday Discounts,157711.00,11.62,10.76,1.41,2.45,5747.01
EM-0345,Customer Appreciation,253279.00,48.34,10.93,2.29,3.40,36597.64
EM-0346,New Product Launch,93330.00,23.76,5.73,4.68,3.23,21048.70
EM-0347,Holiday Discounts,131497.00,37.89,17.18,6.89,2.50,51188.26
EM-0348,New Product Launch,101725.00,27.72,2.93,8.38,4.63,13528.35
EM-0349,Exclusive Offers,323868.00,5.50,11.49,4.64,0.19,68021.54
EM-0350,Flash Sale,209506.00,44.94,16.78,7.88,4.79,19048.93
EM-0351,New Product Launch,205514.00,41.24,9.23,6.22,0.18,88722.40
EM-0352,Exclusive Offers,124442.00,47.54,1.68,4.09,0.52,92646.00
EM-0353,Flash Sale,417318.00,37.55,4.13,6.22,0.60,44169.57
EM-0354,New Product Launch,418650.00,28.52,3.50,2.30,2.75,97146.41
EM-0355,Customer Appreciation,134729.00,7.38,1.43,5.01,4.67,98251.83
EM-0356,Customer Appreciation,147920.00,11.91,17.91,8.41,1.29,8874.10
EM-0357,Flash Sale,382173.00,28.74,8.10,3.11,1.53,65911.06
EM-0358,Customer Appreciation,376110.00,20.04,19.53,1.89,1.56,59684.27
EM-0359,Newsletter,211955.00,18.53,17.32,4.22,0.30,69874.17
EM-0360,Exclusive Offers,129171.00,7.45,6.19,4.22,4.38,99041.90
EM-0361,New Product Launch,430285.00,31.89,16.88,0.51,2.64,36558.29
EM-0362,New Product Launch,37971.00,44.89,7.01,5.41,0.17,92268.27
EM-0363,Holiday Discounts,62280.00,14.84,17.12,0.60,3.14,24684.92
EM-0364,Exclusive Offers,381739.00,30.41,15.95,0.60,4.95,73920.60
EM-0365,Exclusive Offers,318815.00,10.89,4.61,8.66,1.16,22392.68
EM-0366,New Product Launch,455974.00,26.04,16.23,3.35,2.55,67449.33
EM-0367,Customer Appreciation,87500.00,8.52,17.80,3.44,1.11,49796.06
EM-0368,Holiday Discounts,480932.00,34.07,9.95,4.09,4.70,23968.97
EM-0369,Newsletter,490351.00,29.53,8.01,1.13,1.11,40367.52
EM-0370,Holiday Discounts,398229.00,15.66,19.06,3.62,2.15,6805.33
EM-0371,Newsletter,236706.00,34.93,5.84,9.33,4.82,88902.59
EM-0372,Holiday Discounts,381873.00,6.57,5.83,9.94,3.39,14236.43
EM-0373,New Product Launch,20016.00,17.55,10.98,3.68,1.47,66333.78
EM-0374,Holiday Discounts,387014.00,18.33,7.69,1.05,1.32,91453.36
EM-0375,Holiday Discounts,204622.00,31.62,3.67,7.08,3.77,28698.29
EM-0376,New Product Launch,476976.00,31.01,2.30,4.22,3.18,33204.49
EM-0377,Newsletter,211837.00,23.22,15.64,5.15,1.31,54737.37
EM-0378,Holiday Discounts,257372.00,48.16,16.85,6.68,1.15,36160.55
EM-0379,Flash Sale,387003.00,48.17,11.20,6.13,3.56,46813.72
EM-0380,Holiday Discounts,496788.00,22.60,10.92,7.98,3.73,36988.50
EM-0381,Flash Sale,370766.00,21.87,10.37,1.58,4.89,67143.00
EM-0382,New Product Launch,100019.00,8.40,11.27,6.31,0.11,6849.08
EM-0383,Exclusive Offers,269760.00,9.77,7.23,3.46,2.04,51885.13
EM-0384,Exclusive Offers,183297.00,13.92,13.72,9.48,1.77,5211.03
EM-0385,Newsletter,283619.00,23.00,16.95,5.77,2.50,3767.88
EM-0386,New Product Launch,432369.00,18.62,14.01,5.91,0.94,73951.06
EM-0387,Customer Appreciation,328082.00,10.81,1.78,7.47,0.71,39319.42
EM-0388,New Product Launch,145329.00,23.37,1.50,9.47,3.76,65503.10
EM-0389,Newsletter,180848.00,36.26,15.84,9.89,1.01,88528.95
EM-0390,Flash Sale,80009.00,44.56,11.75,9.71,1.26,15173.38
EM-0391,Flash Sale,346234.00,15.14,16.86,2.48,4.52,52745.37
EM-0392,Holiday Discounts,363036.00,11.39,4.46,6.63,3.68,56413.84
EM-0393,Newsletter,379590.00,34.42,19.67,7.97,1.06,91962.03
EM-0394,Holiday Discounts,210547.00,44.37,3.47,4.22,1.67,99844.46
EM-0395,Customer Appreciation,84517.00,46.76,12.53,1.89,4.99,27991.12
EM-0396,Exclusive Offers,23508.00,23.87,5.67,8.88,2.18,38554.46
EM-0397,Newsletter,75182.00,41.61,10.75,0.90,3.57,39571.27
EM-0398,Newsletter,355379.00,14.20,2.15,9.01,4.05,88555.89
EM-0399,Newsletter,89747.00,40.64,12.27,1.50,2.35,84008.85
EM-0400,Exclusive Offers,83916.00,9.75,1.85,3.03,3.73,73141.56
EM-0401,New Product Launch,405223.00,41.09,15.13,2.93,2.28,85075.29
EM-0402,New Product Launch,375669.00,9.58,12.40,1.43,1.09,39465.29
EM-0403,Newsletter,252936.00,17.13,7.04,5.36,0.97,82539.64
EM-0404,New Product Launch,319088.00,19.73,1.03,5.52,1.28,71144.49
EM-0405,Holiday Discounts,43730.00,33.85,19.98,4.78,2.07,39237.56
EM-0406,Newsletter,391146.00,44.75,8.55,5.56,3.11,29281.23
EM-0407,Customer Appreciation,472245.00,5.02,17.52,7.23,0.22,14034.89
EM-0408,Newsletter,48920.00,27.32,14.86,5.36,4.95,20975.22
EM-0409,Newsletter,349537.00,12.65,10.92,7.38,3.76,27341.33
EM-0410,Newsletter,244271.00,23.57,9.75,9.99,3.53,20681.57
EM-0411,Customer Appreciation,27331.00,8.16,7.76,4.14,2.27,4423.54
EM-0412,Exclusive Offers,384235.00,41.63,9.10,2.32,4.22,82080.79
EM-0413,Flash Sale,395128.00,36.52,16.53,6.80,2.43,74527.16
EM-0414,Newsletter,338366.00,45.46,18.18,1.68,1.80,79183.91
EM-0415,Holiday Discounts,409793.00,45.54,2.83,6.80,4.55,24107.03
EM-0416,Customer Appreciation,288309.00,17.05,17.17,0.91,2.96,14652.22
EM-0417,Exclusive Offers,490698.00,16.21,3.06,5.25,4.78,24404.81
EM-0418,Holiday Discounts,2056.00,24.27,2.06,6.13,4.37,49459.42
EM-0419,Flash Sale,133834.00,43.33,15.43,3.96,4.32,26821.58
EM-0420,Holiday Discounts,137911.00,24.68,11.58,0.86,3.92,22237.97
EM-0421,Newsletter,344357.00,19.86,11.99,9.60,4.13,50990.21
EM-0422,Flash Sale,205456.00,9.16,1.69,1.52,2.78,20044.75
EM-0423,Customer Appreciation,320990.00,43.92,3.06,7.90,0.34,59386.84
EM-0424,Exclusive Offers,21323.00,22.65,14.33,9.04,1.31,79219.36
EM-0425,Exclusive Offers,55134.00,8.40,17.50,2.72,2.62,37938.64
EM-0426,Exclusive Offers,190724.00,17.52,5.39,5.20,0.73,17378.31
EM-0427,Newsletter,362165.00,36.45,3.42,2.69,1.47,52975.30
EM-0428,Flash Sale,264283.00,12.35,3.48,7.51,3.63,65956.16
EM-0429,Holiday Discounts,245827.00,7.36,18.85,1.53,2.87,72602.17
EM-0430,Newsletter,102823.00,45.25,19.03,0.67,1.13,59105.98
EM-0431,Exclusive Offers,289989.00,10.02,2.13,9.64,2.03,96562.93
EM-0432,Holiday Discounts,180139.00,40.30,1.23,4.12,4.59,70279.41
EM-0433,Exclusive Offers,193337.00,41.12,3.01,4.19,1.79,52708.12
EM-0434,Exclusive Offers,390894.00,37.53,17.24,5.22,4.81,96248.35
EM-0435,Flash Sale,220248.00,7.52,3.62,6.16,0.60,17298.97
EM-0436,New Product Launch,482669.00,28.43,9.67,9.47,1.56,70643.18
EM-0437,Flash Sale,154094.00,49.41,6.94,2.15,1.41,12796.48
EM-0438,New Product Launch,2275.00,44.13,9.14,9.80,0.42,24137.20
EM-0439,Flash Sale,477440.00,37.44,6.21,7.71,4.52,9382.36
EM-0440,Newsletter,463604.00,13.30,11.65,0.80,3.13,69759.81
EM-0441,Exclusive Offers,352523.00,29.22,7.59,9.28,1.61,85776.71
EM-0442,Newsletter,330929.00,12.57,12.05,7.24,0.91,40955.13
EM-0443,Newsletter,206729.00,12.70,18.13,7.41,3.77,44009.56
EM-0444,Holiday Discounts,391504.00,31.83,8.31,4.19,3.52,5795.58
EM-0445,Exclusive Offers,62754.00,36.07,4.05,7.54,3.80,79795.63
EM-0446,New Product Launch,55409.00,32.12,7.82,5.79,3.90,36331.12
EM-0447,Newsletter,492810.00,41.34,8.86,9.68,1.45,20255.29
EM-0448,New Product Launch,450177.00,24.67,9.88,5.66,3.52,27628.31
EM-0449,Customer Appreciation,257298.00,32.67,10.96,3.00,0.97,63491.73
EM-0450,Flash Sale,300538.00,49.17,17.89,1.06,3.55,45473.04
EM-0451,Exclusive Offers,318991.00,20.87,7.82,5.99,2.47,63891.24
EM-0452,New Product Launch,63684.00,13.81,18.54,1.04,1.14,92608.93
EM-0453,Exclusive Offers,119924.00,33.39,1.23,7.75,3.19,59476.32
EM-0454,Flash Sale,450063.00,10.53,12.36,8.01,0.92,96620.15
EM-0455,Customer Appreciation,189032.00,22.59,8.28,4.66,3.86,39220.00
EM-0456,Flash Sale,376871.00,5.83,14.76,6.47,0.64,14585.21
EM-0457,Newsletter,366282.00,10.55,7.10,5.60,3.79,36850.05
EM-0458,Newsletter,431823.00,5.75,8.42,1.04,2.25,74256.55
EM-0459,New Product Launch,321638.00,9.16,5.29,7.03,0.56,67102.39
EM-0460,Holiday Discounts,36196.00,18.90,7.06,7.61,3.41,39119.61
EM-0461,Customer Appreciation,73644.00,30.57,8.80,5.80,2.12,15326.38
EM-0462,Exclusive Offers,309868.00,17.43,12.91,4.83,0.93,69092.18
EM-0463,New Product Launch,415466.00,12.41,13.16,6.39,3.09,61904.29
EM-0464,Newsletter,432338.00,32.71,3.35,8.04,4.58,79922.66
EM-0465,Flash Sale,289259.00,17.61,15.03,1.25,1.18,87359.06
EM-0466,New Product Launch,403538.00,28.80,7.95,5.78,2.78,32101.32
EM-0467,New Product Launch,196781.00,28.29,16.67,4.78,4.27,31057.00
EM-0468,Flash Sale,497051.00,6.65,17.58,6.49,4.04,85449.95
EM-0469,Exclusive Offers,483183.00,30.10,9.56,6.73,1.74,51603.55
EM-0470,Flash Sale,117158.00,37.43,10.64,8.73,0.95,67974.38
EM-0471,Exclusive Offers,155783.00,14.21,4.34,7.11,3.14,99217.55
EM-0472,Flash Sale,347539.00,24.04,3.28,9.09,1.55,4300.99
EM-0473,Holiday Discounts,419720.00,13.37,8.89,9.44,3.73,23259.64
EM-0474,Customer Appreciation,83623.00,45.02,19.73,2.61,1.24,56164.16
EM-0475,Holiday Discounts,460669.00,44.87,10.27,9.84,4.12,23223.45
EM-0476,Holiday Discounts,435423.00,16.98,7.98,4.14,3.59,85310.74
EM-0477,Flash Sale,311597.00,29.85,13.57,9.05,0.41,67500.38
EM-0478,Newsletter,302266.00,40.19,10.75,8.08,3.49,6737.32
EM-0479,Customer Appreciation,234361.00,29.51,6.94,2.26,1.36,96393.09
EM-0480,Holiday Discounts,178038.00,43.94,1.71,5.05,3.00,20455.56
EM-0481,Holiday Discounts,482280.00,31.48,12.72,6.03,0.19,9682.26
EM-0482,Customer Appreciation,251485.00,21.70,9.80,4.10,2.69,9153.18
EM-0483,New Product Launch,117657.00,7.91,19.89,8.93,1.20,17732.71
EM-0484,Flash Sale,473905.00,34.28,2.75,2.90,1.86,34304.79
EM-0485,Holiday Discounts,285951.00,32.68,1.36,2.38,0.15,11748.81
EM-0486,Holiday Discounts,198243.00,42.53,4.86,6.36,0.98,23364.40
EM-0487,Exclusive Offers,255769.00,8.94,9.89,1.35,0.99,32295.57
EM-0488,New Product Launch,172393.00,37.46,15.61,4.16,3.46,77346.08
EM-0489,New Product Launch,491973.00,15.80,3.33,5.28,2.03,30770.42
EM-0490,Flash Sale,430311.00,34.47,12.72,1.72,2.03,92615.49
EM-0491,Holiday Discounts,44719.00,44.88,15.97,4.59,3.97,3606.16
EM-0492,Flash Sale,340512.00,34.64,8.92,8.72,2.15,34573.96
EM-0493,Customer Appreciation,362841.00,24.42,15.99,5.51,4.54,44574.53
EM-0494,New Product Launch,210807.00,48.61,3.00,2.51,1.58,68021.11
EM-0495,Exclusive Offers,359530.00,32.13,16.69,3.17,4.74,64463.48
EM-0496,New Product Launch,473479.00,45.80,15.80,1.58,1.92,84357.41
EM-0497,Newsletter,198717.00,13.68,18.51,2.95,0.29,2614.41
EM-0498,Newsletter,463381.00,9.09,3.22,9.73,0.59,8100.14
EM-0499,New Product Launch,321314.00,23.69,16.49,6.68,4.76,19206.83
EM-0500,Customer Appreciation,108872.00,44.17,19.22,5.48,3.88,31920.87
EM-0501,Holiday Discounts,234013.00,44.84,18.77,0.64,3.19,51400.77
EM-0502,New Product Launch,167019.00,40.59,15.21,5.76,2.80,31968.98
EM-0503,Exclusive Offers,124744.00,41.19,5.17,0.97,2.97,34655.93
EM-0504,Newsletter,388672.00,26.65,5.96,0.87,2.13,9226.37
EM-0505,Newsletter,247918.00,23.66,14.83,7.55,4.36,98115.71
EM-0506,New Product Launch,240058.00,15.29,2.65,5.57,0.73,4568.13
EM-0507,Flash Sale,358916.00,36.53,1.88,2.02,4.71,17963.29
EM-0508,Holiday Discounts,311133.00,5.34,11.97,2.07,0.34,43127.19
EM-0509,Newsletter,484743.00,5.20,4.68,4.77,4.34,3221.17
EM-0510,Customer Appreciation,337292.00,19.51,10.36,5.95,2.69,48198.62
EM-0511,Newsletter,41390.00,20.08,5.58,5.19,2.16,10180.97
EM-0512,New Product Launch,103813.00,13.57,14.08,9.39,0.86,92237.55
EM-0513,Newsletter,103574.00,22.30,19.37,6.42,2.14,57100.44
EM-0514,New Product Launch,397183.00,11.20,3.15,5.65,4.43,38278.41
EM-0515,Newsletter,411766.00,45.04,12.04,9.64,2.06,71952.03
EM-0516,Customer Appreciation,423994.00,23.61,19.12,6.84,4.69,66030.60
EM-0517,Customer Appreciation,47605.00,40.78,6.68,8.70,0.23,1420.55
EM-0518,Newsletter,234009.00,30.61,15.29,8.24,2.74,51055.18
EM-0519,Newsletter,11206.00,49.64,12.09,5.67,4.61,86482.23
EM-0520,Customer Appreciation,210101.00,48.59,17.62,6.19,1.61,31952.36
EM-0521,Flash Sale,127729.00,40.88,1.96,9.51,4.75,72376.80
EM-0522,Newsletter,463584.00,26.80,16.40,6.09,3.07,27117.56
EM-0523,New Product Launch,401687.00,15.97,18.07,5.58,3.79,76226.46
EM-0524,New Product Launch,329622.00,40.77,15.31,4.36,1.53,48291.19
EM-0525,Exclusive Offers,426500.00,21.58,6.85,9.52,0.49,5831.19
EM-0526,Exclusive Offers,209853.00,26.23,14.92,1.32,4.01,36278.30
EM-0527,Newsletter,173708.00,14.33,5.72,0.67,3.21,79200.53
EM-0528,Customer Appreciation,246381.00,15.82,4.30,7.91,0.67,80601.02
EM-0529,New Product Launch,429330.00,48.68,12.16,6.13,0.60,60696.11
EM-0530,Newsletter,354262.00,27.85,5.54,3.87,4.97,79848.78
EM-0531,Flash Sale,163966.00,7.22,12.14,4.61,2.27,47412.37
EM-0532,Holiday Discounts,433399.00,15.69,14.27,3.95,2.97,73769.35
EM-0533,Exclusive Offers,344203.00,17.98,3.38,8.03,1.60,51310.73
EM-0534,Customer Appreciation,111336.00,22.64,10.98,9.41,2.11,541.48
EM-0535,Holiday Discounts,21210.00,41.10,9.41,8.47,3.56,22065.69
EM-0536,Customer Appreciation,158054.00,49.47,5.13,7.15,4.24,89357.38
EM-0537,Newsletter,450148.00,7.73,2.14,3.28,4.50,77158.81
EM-0538,Customer Appreciation,452977.00,5.37,4.57,1.52,1.31,89538.72
EM-0539,New Product Launch,62252.00,20.52,14.98,7.12,3.89,82054.70
EM-0540,Holiday Discounts,486804.00,29.05,16.10,6.18,1.70,64328.48
EM-0541,Newsletter,108953.00,20.34,6.02,7.04,0.46,75589.35
EM-0542,New Product Launch,176781.00,22.57,9.66,4.12,4.45,23450.76
EM-0543,Exclusive Offers,422155.00,13.04,16.46,2.00,2.57,86026.67
EM-0544,Holiday Discounts,117039.00,46.58,19.01,8.82,1.71,73130.30
EM-0545,Customer Appreciation,1929.00,39.14,11.76,8.91,3.57,98444.97
EM-0546,Newsletter,203384.00,10.12,9.59,3.52,3.57,50908.95
EM-0547,Holiday Discounts,188253.00,31.45,12.92,8.25,3.68,38484.22
EM-0548,Holiday Discounts,375635.00,28.26,8.96,0.94,0.81,8809.15
EM-0549,Newsletter,215418.00,47.73,14.68,4.56,1.50,20372.91
EM-0550,Newsletter,441856.00,27.98,13.55,1.99,1.04,25180.44
EM-0551,Flash Sale,135396.00,40.75,1.96,9.82,1.50,97061.11
EM-0552,Exclusive Offers,491225.00,11.23,17.39,3.70,0.12,67829.16
EM-0553,Flash Sale,70097.00,22.38,16.95,2.13,1.47,5677.63
EM-0554,Newsletter,254606.00,14.61,6.17,2.12,3.63,65718.61
EM-0555,Customer Appreciation,498706.00,29.05,10.95,8.48,4.60,47977.83
EM-0556,Newsletter,462755.00,33.63,2.97,1.50,0.58,19139.06
EM-0557,Exclusive Offers,41079.00,44.14,18.83,1.45,1.76,8413.35
EM-0558,Exclusive Offers,338250.00,47.75,2.81,6.55,4.43,26166.39
EM-0559,Holiday Discounts,162058.00,30.77,12.74,8.12,4.34,59175.23
EM-0560,Exclusive Offers,389177.00,6.78,18.59,2.73,2.70,75645.81
EM-0561,Flash Sale,16997.00,33.33,9.08,9.29,3.31,40388.53
EM-0562,Holiday Discounts,37011.00,30.31,4.22,9.21,1.88,12925.25
EM-0563,Exclusive Offers,361048.00,18.44,1.66,3.55,4.09,62869.91
EM-0564,Exclusive Offers,183882.00,36.56,10.06,8.10,4.47,20293.58
EM-0565,New Product Launch,166677.00,29.43,4.59,4.07,4.25,15011.92
EM-0566,Customer Appreciation,217623.00,48.75,9.72,5.17,1.37,46358.91
EM-0567,Customer Appreciation,236273.00,22.15,5.72,6.85,0.46,10604.13
EM-0568,New Product Launch,438825.00,5.34,17.85,4.08,0.79,36070.22
EM-0569,Customer Appreciation,255610.00,21.50,19.75,6.28,3.15,41143.27
EM-0570,Customer Appreciation,234014.00,5.30,16.31,1.23,0.71,83269.35
EM-0571,Exclusive Offers,150824.00,30.02,8.68,2.27,2.44,64926.63
EM-0572,New Product Launch,479229.00,49.15,16.01,3.02,1.72,78920.78
EM-0573,Customer Appreciation,76669.00,17.78,12.61,1.45,0.45,24870.55
EM-0574,Newsletter,133628.00,11.11,15.45,5.37,0.15,96100.31
EM-0575,Newsletter,146973.00,47.56,13.78,2.59,3.52,57132.21
EM-0576,Newsletter,398467.00,49.96,5.82,6.60,2.10,14847.92
EM-0577,New Product Launch,289568.00,9.24,18.64,2.75,2.38,41232.30
EM-0578,Customer Appreciation,366294.00,22.09,9.32,8.71,0.58,60722.86
EM-0579,Exclusive Offers,162057.00,19.08,6.31,0.89,3.28,99111.93
EM-0580,Holiday Discounts,395652.00,26.38,5.84,1.96,2.74,63107.18
EM-0581,Flash Sale,497579.00,21.31,2.43,7.67,4.89,25467.76
EM-0582,Customer Appreciation,440558.00,45.50,14.05,1.39,3.13,58567.75
EM-0583,Customer Appreciation,198998.00,5.56,9.09,2.19,4.19,8288.77
EM-0584,Flash Sale,210169.00,29.69,5.89,4.68,4.30,72231.78
EM-0585,New Product Launch,350459.00,17.16,7.65,7.85,0.14,84653.89
EM-0586,Flash Sale,463897.00,14.87,10.72,2.77,4.11,26974.16
EM-0587,Customer Appreciation,482684.00,42.56,8.18,1.80,0.66,76272.56
EM-0588,Customer Appreciation,461938.00,32.21,10.87,0.90,1.03,26881.56
EM-0589,Flash Sale,459668.00,28.73,6.35,6.91,2.26,8125.50
EM-0590,New Product Launch,202699.00,24.35,17.69,7.04,2.18,11675.72
EM-0591,Newsletter,282728.00,26.65,3.30,9.20,0.19,85274.74
EM-0592,New Product Launch,365545.00,24.96,5.09,2.58,4.68,10654.53
EM-0593,Customer Appreciation,211283.00,42.88,4.30,2.25,1.26,73944.32
EM-0594,Exclusive Offers,499482.00,8.65,16.03,6.00,2.01,13865.69
EM-0595,Newsletter,409274.00,42.22,5.95,2.89,4.29,77435.14
EM-0596,Flash Sale,430097.00,30.97,1.49,7.32,4.62,22370.44
EM-0597,Customer Appreciation,296420.00,45.54,14.10,6.20,0.60,83867.15
EM-0598,New Product Launch,102138.00,12.33,9.24,5.99,3.96,47246.97
EM-0599,Holiday Discounts,87445.00,29.73,8.63,2.92,2.06,41853.70
EM-0600,Newsletter,132072.00,28.14,5.42,0.60,0.46,98110.95
EM-0601,New Product Launch,323850.00,49.24,16.86,6.42,0.17,20463.49
EM-0602,Newsletter,232400.00,44.19,9.68,5.57,2.75,99551.72
EM-0603,Flash Sale,123646.00,36.76,10.85,9.39,1.44,99720.93
EM-0604,Holiday Discounts,390092.00,10.49,10.30,2.18,4.50,87145.31
EM-0605,Exclusive Offers,375639.00,19.22,7.22,6.01,2.62,93560.00
EM-0606,Holiday Discounts,332157.00,10.51,12.98,7.08,4.11,71580.99
EM-0607,Exclusive Offers,140925.00,48.25,9.53,3.83,4.97,13481.15
EM-0608,New Product Launch,271885.00,49.33,18.76,3.31,0.98,1884.98
EM-0609,Flash Sale,288632.00,47.38,8.85,1.57,0.93,91361.75
EM-0610,Exclusive Offers,241676.00,6.15,19.16,4.12,2.74,5438.82
EM-0611,Newsletter,409663.00,48.58,5.07,6.47,2.60,3359.63
EM-0612,Customer Appreciation,104769.00,15.23,11.49,9.09,2.39,65096.40
EM-0613,Flash Sale,479112.00,22.95,18.00,9.86,1.50,96533.64
EM-0614,Exclusive Offers,434115.00,40.04,14.94,3.80,1.36,32962.86
EM-0615,Exclusive Offers,319574.00,41.67,5.10,9.56,2.13,93252.71
EM-0616,Flash Sale,79169.00,37.43,18.29,6.03,4.67,12485.10
EM-0617,New Product Launch,54865.00,8.48,13.32,3.12,3.52,83805.82
EM-0618,Newsletter,336021.00,18.22,1.56,1.96,4.41,27899.19
EM-0619,Customer Appreciation,441208.00,18.58,12.96,6.76,1.83,69214.25
EM-0620,Customer Appreciation,435083.00,13.41,13.65,4.17,1.61,94987.09
EM-0621,Newsletter,279805.00,44.62,7.70,6.94,1.77,4512.88
EM-0622,Customer Appreciation,114416.00,48.79,1.74,9.89,4.90,26936.68
EM-0623,Holiday Discounts,111955.00,20.40,17.59,1.02,1.64,89557.02
EM-0624,New Product Launch,86559.00,8.98,7.87,4.85,4.67,24452.23
EM-0625,Flash Sale,347841.00,18.25,6.54,0.78,2.17,70145.53
EM-0626,Flash Sale,232974.00,45.13,10.93,7.13,2.83,80607.57
EM-0627,Flash Sale,296640.00,40.07,8.31,8.75,3.11,88534.19
EM-0628,Flash Sale,268322.00,44.75,8.38,9.44,2.16,1884.21
EM-0629,Holiday Discounts,124913.00,34.52,10.38,9.33,3.92,45112.75
EM-0630,Holiday Discounts,78876.00,33.20,3.41,0.76,1.71,40537.57
EM-0631,New Product Launch,117558.00,39.49,17.26,3.89,3.35,5099.12
EM-0632,New Product Launch,332493.00,46.58,3.73,2.45,0.40,65585.39
EM-0633,Newsletter,410122.00,34.99,10.95,9.61,0.13,27763.80
EM-0634,Holiday Discounts,228087.00,28.87,8.47,5.77,4.68,68023.25
EM-0635,Holiday Discounts,325532.00,21.90,7.99,7.89,3.69,23948.69
EM-0636,Flash Sale,135215.00,12.20,16.64,9.72,4.40,97040.46
EM-0637,New Product Launch,197660.00,7.66,11.02,7.66,1.50,31958.49
EM-0638,Flash Sale,143711.00,41.69,9.52,4.69,2.81,71806.32
EM-0639,Exclusive Offers,438121.00,10.68,18.41,0.79,4.19,56994.69
EM-0640,Flash Sale,498169.00,11.11,17.27,7.06,2.38,29470.97
EM-0641,Newsletter,27007.00,44.39,4.39,2.55,0.28,37583.64
EM-0642,Flash Sale,250967.00,29.86,14.45,3.64,1.11,8114.99
EM-0643,Flash Sale,118858.00,36.50,6.33,3.58,3.36,43152.17
EM-0644,Holiday Discounts,135838.00,24.15,12.40,2.65,2.02,7403.16
EM-0645,New Product Launch,135747.00,31.70,7.24,1.45,2.54,87326.58
EM-0646,Holiday Discounts,155086.00,32.65,16.82,1.64,4.20,98650.46
EM-0647,Newsletter,129967.00,35.48,19.70,1.31,1.18,56507.73
EM-0648,Holiday Discounts,335466.00,21.45,1.51,8.82,4.08,89600.10
EM-0649,Customer Appreciation,186715.00,31.80,3.21,0.60,1.52,71524.82
EM-0650,New Product Launch,262727.00,10.51,3.06,7.45,4.64,21424.26
EM-0651,Flash Sale,362927.00,43.04,6.47,8.06,3.40,31788.91
EM-0652,New Product Launch,263955.00,47.74,14.10,9.07,4.29,44676.85
EM-0653,Holiday Discounts,31683.00,12.57,5.03,7.17,2.79,7306.26
EM-0654,Newsletter,20733.00,15.98,3.92,3.53,0.71,31450.38
EM-0655,Newsletter,113093.00,20.71,4.06,5.27,2.43,81478.71
EM-0656,New Product Launch,101627.00,38.07,2.39,4.20,2.11,82114.47
EM-0657,Customer Appreciation,233511.00,47.33,17.01,4.35,2.40,78452.83
EM-0658,New Product Launch,19071.00,41.62,3.03,6.64,1.19,82749.85
EM-0659,Customer Appreciation,360205.00,8.35,4.45,4.53,2.83,74532.82
EM-0660,Newsletter,29616.00,10.75,1.71,8.64,4.25,30116.01
EM-0661,Exclusive Offers,101620.00,36.53,13.27,6.99,1.54,97585.76
EM-0662,Holiday Discounts,410426.00,43.68,13.55,9.92,1.86,32688.73
EM-0663,Customer Appreciation,151479.00,33.92,6.73,4.63,0.93,38127.08
EM-0664,Newsletter,342503.00,48.21,12.27,2.03,3.71,40912.87
EM-0665,Flash Sale,184788.00,26.06,10.29,6.21,3.16,67473.10
EM-0666,Customer Appreciation,269699.00,28.50,12.29,2.86,1.52,20206.13
EM-0667,Newsletter,71067.00,44.53,18.20,8.04,1.20,82903.39
EM-0668,Customer Appreciation,260491.00,38.19,5.43,4.68,1.40,93137.72
EM-0669,New Product Launch,140282.00,41.06,6.89,3.46,2.37,29044.85
EM-0670,Customer Appreciation,149152.00,18.56,2.65,0.55,1.70,78097.17
EM-0671,Flash Sale,34731.00,22.43,12.49,0.72,3.24,69988.20
EM-0672,Newsletter,310930.00,39.99,12.82,6.17,4.22,35785.51
EM-0673,Newsletter,163282.00,14.23,9.87,2.76,4.02,83352.99
EM-0674,Flash Sale,198720.00,31.37,8.21,4.07,3.83,84746.22
EM-0675,Flash Sale,11784.00,28.69,12.81,4.70,3.30,75860.27
EM-0676,New Product Launch,45932.00,14.38,3.47,8.97,1.45,91716.77
EM-0677,Flash Sale,79055.00,44.82,4.37,4.64,2.15,54710.78
EM-0678,Customer Appreciation,357342.00,16.26,15.01,3.75,1.21,20580.71
EM-0679,New Product Launch,192767.00,15.04,1.80,4.10,4.11,52741.14
EM-0680,Exclusive Offers,238692.00,40.15,13.54,3.19,2.60,68283.12
EM-0681,Newsletter,453209.00,30.89,5.62,0.81,0.66,48798.55
EM-0682,Newsletter,489182.00,14.10,8.63,7.30,4.98,45146.06
EM-0683,Customer Appreciation,35380.00,35.29,14.92,3.09,2.07,38086.56
EM-0684,Exclusive Offers,390176.00,12.80,14.82,2.61,4.33,39827.46
EM-0685,Customer Appreciation,286560.00,41.16,18.60,2.86,2.06,33304.37
EM-0686,Holiday Discounts,225325.00,32.59,13.10,2.05,2.40,98162.65
EM-0687,Holiday Discounts,59334.00,41.29,5.48,2.45,4.24,60472.38
EM-0688,Newsletter,82396.00,12.71,9.74,5.47,1.21,87864.91
EM-0689,Newsletter,72493.00,27.28,6.35,3.61,1.80,99994.86
EM-0690,Exclusive Offers,74212.00,14.45,1.30,6.76,0.82,49097.91
EM-0691,Customer Appreciation,40365.00,46.37,14.19,4.90,0.38,26046.89
EM-0692,Exclusive Offers,61655.00,29.41,16.06,7.99,4.76,67785.79
EM-0693,New Product Launch,189222.00,15.79,12.62,4.44,0.22,77559.94
EM-0694,Exclusive Offers,242106.00,8.14,19.27,4.13,2.03,2017.30
EM-0695,Holiday Discounts,249816.00,14.74,8.98,2.87,0.83,73730.31
EM-0696,Flash Sale,236897.00,8.45,4.30,0.54,3.16,39792.62
EM-0697,Flash Sale,121508.00,19.76,18.35,0.72,2.36,56975.55
EM-0698,Flash Sale,311899.00,35.22,3.91,5.82,1.48,55609.09
EM-0699,Flash Sale,247114.00,23.19,12.09,3.87,4.95,37856.60
EM-0700,Flash Sale,195660.00,25.64,12.42,5.50,3.88,71998.80
EM-0701,Customer Appreciation,53375.00,7.11,10.53,1.59,1.68,36988.95
EM-0702,Exclusive Offers,278829.00,37.35,3.67,1.29,1.55,30792.74
EM-0703,New Product Launch,406280.00,39.26,13.23,8.27,0.90,84884.93
EM-0704,Flash Sale,115634.00,5.05,1.76,9.10,1.86,86493.33
EM-0705,Newsletter,353093.00,35.94,3.62,8.42,3.70,79828.88
EM-0706,Customer Appreciation,259183.00,10.16,11.61,7.52,1.38,72592.90
EM-0707,Holiday Discounts,132029.00,46.94,18.48,2.36,3.23,63473.41
EM-0708,New Product Launch,268039.00,7.84,9.52,2.88,2.00,25784.64
EM-0709,Exclusive Offers,399794.00,48.85,13.45,1.21,5.00,82379.30
EM-0710,New Product Launch,117560.00,40.65,14.02,1.23,4.95,31083.59
EM-0711,Exclusive Offers,21937.00,40.04,4.29,5.07,1.88,58222.91
EM-0712,Newsletter,144419.00,33.29,7.79,4.84,3.35,40522.56
EM-0713,Exclusive Offers,466790.00,20.30,19.56,6.58,3.92,15141.73
EM-0714,Newsletter,244270.00,21.40,17.35,0.65,1.91,69106.21
EM-0715,Newsletter,100415.00,13.63,11.68,1.44,4.14,54513.84
EM-0716,Holiday Discounts,339751.00,33.34,8.10,4.41,1.14,89354.62
EM-0717,Exclusive Offers,494351.00,26.58,3.85,6.41,0.22,21631.36
EM-0718,Customer Appreciation,251276.00,13.79,8.95,8.27,3.11,86022.80
EM-0719,Exclusive Offers,297256.00,37.50,17.02,6.39,3.92,77457.92
EM-0720,Customer Appreciation,26271.00,18.36,12.13,5.37,1.02,9916.38
EM-0721,New Product Launch,331240.00,29.76,19.01,8.52,4.18,94338.42
EM-0722,Newsletter,455508.00,23.00,12.12,3.35,0.93,85875.94
EM-0723,Customer Appreciation,251571.00,26.64,9.52,5.82,4.46,75051.01
EM-0724,Newsletter,244937.00,12.28,16.98,9.97,1.32,56064.45
EM-0725,New Product Launch,40353.00,15.26,5.88,5.35,3.44,69203.35
EM-0726,New Product Launch,96342.00,47.55,8.33,2.74,1.25,29271.15
EM-0727,Customer Appreciation,176330.00,6.40,1.81,4.99,1.03,76565.42
EM-0728,Exclusive Offers,463104.00,8.52,3.90,6.87,3.13,1282.65
EM-0729,Holiday Discounts,482493.00,25.89,1.46,9.92,2.63,6111.99
EM-0730,Holiday Discounts,288475.00,7.70,9.62,2.31,0.18,6284.31
EM-0731,Newsletter,18607.00,16.33,10.96,5.15,3.80,17152.06
EM-0732,Customer Appreciation,447254.00,16.17,9.32,8.48,4.46,65147.57
EM-0733,New Product Launch,350648.00,28.64,7.96,9.21,0.43,32178.26
EM-0734,Holiday Discounts,80686.00,8.56,5.89,3.10,2.41,18671.30
EM-0735,Holiday Discounts,231787.00,15.82,16.67,9.45,4.15,74457.66
EM-0736,Customer Appreciation,78860.00,23.77,10.48,7.72,1.81,5408.30
EM-0737,Holiday Discounts,32498.00,19.86,1.14,5.21,3.89,96027.85
EM-0738,Holiday Discounts,493415.00,11.34,5.18,6.13,0.50,56099.30
EM-0739,Customer Appreciation,64346.00,33.39,19.20,5.52,4.06,36364.85
EM-0740,Customer Appreciation,355450.00,6.45,14.63,0.90,4.59,3382.70
EM-0741,Holiday Discounts,253901.00,45.61,6.92,4.12,2.19,33799.50
EM-0742,Holiday Discounts,477826.00,28.34,15.57,1.22,1.98,13512.47
EM-0743,Holiday Discounts,358607.00,34.54,5.43,1.98,0.98,73347.40
EM-0744,Customer Appreciation,310975.00,15.49,4.28,1.19,4.75,32876.04
EM-0745,Flash Sale,163368.00,13.47,16.94,1.56,0.82,9709.91
EM-0746,Holiday Discounts,448231.00,40.81,15.76,4.50,3.30,73033.35
EM-0747,Holiday Discounts,253640.00,28.87,6.90,9.93,4.74,70244.52
EM-0748,Flash Sale,373391.00,43.06,9.75,1.36,0.65,86808.25
EM-0749,Holiday Discounts,399511.00,21.99,11.86,3.49,1.95,12438.71
EM-0750,New Product Launch,472161.00,44.03,17.67,6.40,2.91,16104.95
EM-0751,New Product Launch,411683.00,26.48,11.06,8.35,4.91,98783.07
EM-0752,Customer Appreciation,51574.00,21.60,19.50,7.02,2.48,93979.66
EM-0753,Newsletter,167721.00,35.86,2.12,3.78,4.56,66776.65
EM-0754,Holiday Discounts,252602.00,31.33,9.65,6.06,1.12,6466.11
EM-0755,Customer Appreciation,440430.00,10.69,16.29,0.93,4.24,4390.44
EM-0756,Flash Sale,55042.00,39.13,11.53,4.99,2.63,95369.07
EM-0757,New Product Launch,133950.00,46.31,12.93,5.68,3.56,66450.30
EM-0758,Exclusive Offers,118345.00,45.79,16.41,9.49,2.49,33343.88
EM-0759,New Product Launch,282339.00,43.59,17.81,7.02,1.63,69221.12
EM-0760,Flash Sale,237097.00,48.65,13.75,1.81,4.32,5444.61
EM-0761,Newsletter,344931.00,23.65,3.92,1.22,2.10,87675.32
EM-0762,Customer Appreciation,427675.00,17.33,2.80,1.98,3.16,49986.52
EM-0763,Holiday Discounts,380374.00,32.89,19.71,0.74,1.72,28974.96
EM-0764,Newsletter,139791.00,5.21,2.34,7.54,2.42,82380.78
EM-0765,Exclusive Offers,162827.00,19.68,2.77,1.13,0.45,65614.40
EM-0766,Holiday Discounts,1756.00,13.33,9.39,0.82,4.82,99124.31
EM-0767,Customer Appreciation,233415.00,43.53,2.53,0.67,0.47,81175.89
EM-0768,New Product Launch,373810.00,49.01,2.54,6.77,4.92,52130.65
EM-0769,New Product Launch,398600.00,42.50,9.14,8.84,3.09,42456.97
EM-0770,Customer Appreciation,443985.00,20.40,13.63,3.25,0.83,63493.98
EM-0771,Customer Appreciation,356466.00,19.53,17.95,5.26,0.10,62920.24
EM-0772,Flash Sale,184432.00,10.25,17.32,6.19,3.56,69960.34
EM-0773,Newsletter,491754.00,31.73,19.33,7.16,1.64,18455.17
EM-0774,New Product Launch,205115.00,46.31,4.22,5.99,3.51,81465.52
EM-0775,Exclusive Offers,57601.00,9.25,1.06,9.55,3.11,88262.40
EM-0776,Exclusive Offers,438182.00,28.56,5.24,3.14,2.24,17374.09
EM-0777,Customer Appreciation,316231.00,14.98,2.70,8.65,0.24,51808.83
EM-0778,Exclusive Offers,340984.00,5.43,12.75,5.41,3.99,18700.71
EM-0779,Customer Appreciation,438264.00,15.61,1.52,8.40,3.48,23500.99
EM-0780,Holiday Discounts,46861.00,38.86,2.48,4.69,0.77,42805.09
EM-0781,New Product Launch,496609.00,29.00,10.87,8.43,4.71,68585.68
EM-0782,Newsletter,155440.00,41.27,10.70,7.30,1.36,4333.32
EM-0783,Flash Sale,84658.00,9.57,16.56,7.26,3.40,61662.96
EM-0784,Customer Appreciation,313310.00,5.48,17.31,2.60,0.40,46263.18
EM-0785,Newsletter,293451.00,37.53,4.27,6.47,4.29,13621.75
EM-0786,New Product Launch,70636.00,5.26,14.56,3.90,2.11,95105.03
EM-0787,New Product Launch,126123.00,27.50,19.02,3.16,0.14,99150.13
EM-0788,Holiday Discounts,102611.00,26.82,8.07,6.31,1.53,25348.70
EM-0789,New Product Launch,89540.00,40.66,7.80,3.63,2.48,99319.61
EM-0790,Newsletter,161857.00,9.24,13.06,9.40,4.89,14840.51
EM-0791,New Product Launch,308351.00,24.92,5.48,1.00,2.04,10405.60
EM-0792,Flash Sale,180399.00,20.03,10.56,9.46,0.44,95832.79
EM-0793,Holiday Discounts,24556.00,13.00,11.99,9.58,3.39,89861.05
EM-0794,Flash Sale,185819.00,7.12,11.02,1.90,4.51,37319.12
EM-0795,New Product Launch,485607.00,7.49,10.20,3.29,1.78,79615.76
EM-0796,Holiday Discounts,462098.00,40.47,17.90,9.32,3.25,2815.24
EM-0797,Holiday Discounts,444552.00,33.80,4.22,0.55,0.47,59508.95
EM-0798,Holiday Discounts,183620.00,27.07,12.24,9.79,4.67,49216.93
EM-0799,Exclusive Offers,63888.00,17.66,8.23,6.56,0.79,54869.57
EM-0800,Customer Appreciation,455973.00,16.15,12.98,3.21,4.41,24891.06
